<DOMSymbolItem xmlns:xsi="http://www.w3.org/2001/XMLSchema-instance" xmlns="http://ns.adobe.com/xfl/2008/" name="Component Assets/CellRenderer" itemID="44d7bb1d-000000ed" linkageExportForAS="true" linkageExportInFirstFrame="false" linkageClassName="fl.controls.listClasses.CellRenderer" lastModified="1358192121" lastUniqueIdentifier="14">
  <timeline>
    <DOMTimeline name="CellRenderer" currentFrame="1">
      <layers>
        <DOMLayer name="assets" color="#9933CC" current="true" isSelected="true" autoNamed="false">
          <frames>
            <DOMFrame index="0" keyMode="9728">
              <elements/>
            </DOMFrame>
            <DOMFrame index="1" keyMode="9728">
              <elements>
                <DOMSymbolInstance libraryItemName="Component Assets/CellRendererSkins/CellRenderer_disabledSkin">
                  <matrix>
                    <Matrix a="0.999893188476562" d="0.99981689453125" tx="19.55" ty="15.6"/>
                  </matrix>
                  <transformationPoint>
                    <Point x="76" y="11"/>
                  </transformationPoint>
                </DOMSymbolInstance>
                <DOMSymbolInstance libraryItemName="Component Assets/CellRendererSkins/CellRenderer_downSkin">
                  <matrix>
                    <Matrix a="0.999893188476562" d="0.99981689453125" tx="19.55" ty="105.6"/>
                  </matrix>
                  <transformationPoint>
                    <Point x="76" y="10.95"/>
                  </transformationPoint>
                </DOMSymbolInstance>
                <DOMSymbolInstance libraryItemName="Component Assets/CellRendererSkins/CellRenderer_overSkin" selected="true">
                  <matrix>
                    <Matrix a="0.999893188476562" d="0.99981689453125" tx="19.55" ty="75.6"/>
                  </matrix>
                  <transformationPoint>
                    <Point x="76" y="11"/>
                  </transformationPoint>
                </DOMSymbolInstance>
                <DOMSymbolInstance libraryItemName="Component Assets/CellRendererSkins/CellRenderer_upSkin">
                  <matrix>
                    <Matrix a="0.999893188476562" d="0.99981689453125" tx="19.55" ty="45.6"/>
                  </matrix>
                  <transformationPoint>
                    <Point x="76" y="11"/>
                  </transformationPoint>
                </DOMSymbolInstance>
                <DOMSymbolInstance libraryItemName="Component Assets/CellRendererSkins/CellRenderer_selectedDisabledSkin">
                  <matrix>
                    <Matrix a="0.999893188476562" d="0.99981689453125" tx="19.55" ty="137.55"/>
                  </matrix>
                  <transformationPoint>
                    <Point x="76" y="11"/>
                  </transformationPoint>
                </DOMSymbolInstance>
                <DOMSymbolInstance libraryItemName="Component Assets/CellRendererSkins/CellRenderer_selectedDownSkin">
                  <matrix>
                    <Matrix a="0.999893188476562" d="0.99981689453125" tx="19.55" ty="167.25"/>
                  </matrix>
                  <transformationPoint>
                    <Point x="76" y="11"/>
                  </transformationPoint>
                </DOMSymbolInstance>
                <DOMSymbolInstance libraryItemName="Component Assets/CellRendererSkins/CellRenderer_selectedOverSkin">
                  <matrix>
                    <Matrix a="0.999893188476562" d="0.99981689453125" tx="19.55" ty="195.25"/>
                  </matrix>
                  <transformationPoint>
                    <Point x="76" y="11"/>
                  </transformationPoint>
                </DOMSymbolInstance>
                <DOMSymbolInstance libraryItemName="Component Assets/CellRendererSkins/CellRenderer_selectedUpSkin">
                  <matrix>
                    <Matrix a="0.999893188476562" d="0.99981689453125" tx="19.55" ty="225.25"/>
                  </matrix>
                  <transformationPoint>
                    <Point x="76" y="11"/>
                  </transformationPoint>
                </DOMSymbolInstance>
              </elements>
            </DOMFrame>
          </frames>
        </DOMLayer>
        <DOMLayer name="asset names" color="#4FFFFF" locked="true" autoNamed="false" layerType="guide">
          <frames>
            <DOMFrame index="0" keyMode="9728">
              <elements/>
            </DOMFrame>
            <DOMFrame index="1" keyMode="9728">
              <elements>
                <DOMRectangleObject objectWidth="388.95" objectHeight="183" x="-1.55" y="30.3" selected="true" lockFlag="true" topLeftRadius="10" topRightRadius="10" bottomLeftRadius="10" bottomRightRadius="10">
                  <matrix>
                    <Matrix a="0.999893188476562" d="1.493896484375" tx="1.55" ty="-45.25"/>
                  </matrix>
                  <transformationPoint>
                    <Point x="192.9" y="121.85"/>
                  </transformationPoint>
                  <fill>
                    <SolidColor color="#EEEEEE"/>
                  </fill>
                  <stroke>
                    <SolidStroke scaleMode="normal">
                      <fill>
                        <SolidColor color="#CCCCCC"/>
                      </fill>
                    </SolidStroke>
                  </stroke>
                </DOMRectangleObject>
                <DOMStaticText width="82.95" height="14.5" autoExpand="true" isSelectable="false">
                  <matrix>
                    <Matrix a="0.999893188476562" d="0.99981689453125" tx="210.45" ty="21.4"/>
                  </matrix>
                  <textRuns>
                    <DOMTextRun>
                      <characters>Disabled_Skin</characters>
                      <textAttrs>
                        <DOMTextAttrs aliasText="false" size="13" face="ArialMT" fillColor="#333333"/>
                      </textAttrs>
                    </DOMTextRun>
                  </textRuns>
                </DOMStaticText>
                <DOMStaticText width="49.15" height="14.5" autoExpand="true" isSelectable="false">
                  <matrix>
                    <Matrix a="0.999893188476562" d="0.99981689453125" tx="210.45" ty="47.9"/>
                  </matrix>
                  <textRuns>
                    <DOMTextRun>
                      <characters>Up_Skin</characters>
                      <textAttrs>
                        <DOMTextAttrs aliasText="false" size="13" face="ArialMT" fillColor="#333333"/>
                      </textAttrs>
                    </DOMTextRun>
                  </textRuns>
                </DOMStaticText>
                <DOMStaticText width="60.7" height="14.5" autoExpand="true" isSelectable="false">
                  <matrix>
                    <Matrix a="0.999893188476562" d="0.99981689453125" tx="210.45" ty="77.9"/>
                  </matrix>
                  <textRuns>
                    <DOMTextRun>
                      <characters>Over_Skin</characters>
                      <textAttrs>
                        <DOMTextAttrs aliasText="false" size="13" face="ArialMT" fillColor="#333333"/>
                      </textAttrs>
                    </DOMTextRun>
                  </textRuns>
                </DOMStaticText>
                <DOMStaticText width="65.7" height="14.5" autoExpand="true" isSelectable="false">
                  <matrix>
                    <Matrix a="0.999893188476562" d="0.99981689453125" tx="210.45" ty="108.35"/>
                  </matrix>
                  <textRuns>
                    <DOMTextRun>
                      <characters>Down_Skin</characters>
                      <textAttrs>
                        <DOMTextAttrs aliasText="false" size="13" face="ArialMT" fillColor="#333333"/>
                      </textAttrs>
                    </DOMTextRun>
                  </textRuns>
                </DOMStaticText>
                <DOMStaticText width="100.95" height="14.5" autoExpand="true" isSelectable="false">
                  <matrix>
                    <Matrix a="0.999893188476562" d="0.99981689453125" tx="210.45" ty="136.35"/>
                  </matrix>
                  <textRuns>
                    <DOMTextRun>
                      <characters>Selected_Disable</characters>
                      <textAttrs>
                        <DOMTextAttrs aliasText="false" size="13" face="ArialMT" fillColor="#333333"/>
                      </textAttrs>
                    </DOMTextRun>
                  </textRuns>
                </DOMStaticText>
                <DOMStaticText width="90.9" height="14.5" autoExpand="true" isSelectable="false">
                  <matrix>
                    <Matrix a="0.999893188476562" d="0.99981689453125" tx="210.45" ty="169.55"/>
                  </matrix>
                  <textRuns>
                    <DOMTextRun>
                      <characters>Selected_Down</characters>
                      <textAttrs>
                        <DOMTextAttrs aliasText="false" size="13" face="ArialMT" fillColor="#333333"/>
                      </textAttrs>
                    </DOMTextRun>
                  </textRuns>
                </DOMStaticText>
                <DOMStaticText width="85.9" height="14.5" autoExpand="true" isSelectable="false">
                  <matrix>
                    <Matrix a="0.999893188476562" d="0.99981689453125" tx="210.45" ty="197.35"/>
                  </matrix>
                  <textRuns>
                    <DOMTextRun>
                      <characters>Selected_Over</characters>
                      <textAttrs>
                        <DOMTextAttrs aliasText="false" size="13" face="ArialMT" fillColor="#333333"/>
                      </textAttrs>
                    </DOMTextRun>
                  </textRuns>
                </DOMStaticText>
                <DOMStaticText width="74.35" height="14.5" autoExpand="true" isSelectable="false">
                  <matrix>
                    <Matrix a="0.999893188476562" d="0.99981689453125" tx="210.45" ty="227.35"/>
                  </matrix>
                  <textRuns>
                    <DOMTextRun>
                      <characters>Selected_Up</characters>
                      <textAttrs>
                        <DOMTextAttrs aliasText="false" size="13" face="ArialMT" fillColor="#333333"/>
                      </textAttrs>
                    </DOMTextRun>
                  </textRuns>
                </DOMStaticText>
              </elements>
            </DOMFrame>
          </frames>
        </DOMLayer>
        <DOMLayer name="avatar" color="#4FFF4F" locked="true" autoNamed="false">
          <frames>
            <DOMFrame index="0" keyMode="9728">
              <elements>
                <DOMSymbolInstance libraryItemName="Component Assets/CellRendererSkins/CellRenderer_upSkin">
                  <transformationPoint>
                    <Point x="76" y="11"/>
                  </transformationPoint>
                </DOMSymbolInstance>
              </elements>
            </DOMFrame>
            <DOMFrame index="1" keyMode="9728">
              <elements/>
            </DOMFrame>
          </frames>
        </DOMLayer>
        <DOMLayer name="ComponentShim" color="#FF4FFF" locked="true" autoNamed="false">
          <frames>
            <DOMFrame index="0" keyMode="9728">
              <elements/>
            </DOMFrame>
            <DOMFrame index="1" keyMode="9728">
              <elements>
                <DOMCompiledClipInstance libraryItemName="Component Assets/_private/ComponentShim" uniqueID="14">
                  <matrix>
                    <Matrix tx="86.05" ty="30"/>
                  </matrix>
                  <dataBindingXML><![CDATA[<component metaDataFetched='true' schemaUrl='' schemaOperation='' sceneRootLabel='Scene 1' oldCopiedComponentPath='318.29.14'>
</component>
]]></dataBindingXML>
                </DOMCompiledClipInstance>
              </elements>
            </DOMFrame>
          </frames>
        </DOMLayer>
      </layers>
    </DOMTimeline>
  </timeline>
</DOMSymbolItem>