<DOMSymbolItem xmlns:xsi="http://www.w3.org/2001/XMLSchema-instance" xmlns="http://ns.adobe.com/xfl/2008/" name="Component Assets/TextInputSkins/TextInput_disabledSkin" itemID="44b148ab-000000ee" linkageExportForAS="true" linkageExportInFirstFrame="false" linkageClassName="TextInput_disabledSkin" scaleGridLeft="2" scaleGridRight="150" scaleGridTop="2" scaleGridBottom="19.95" lastModified="1168290428">
  <timeline>
    <DOMTimeline name="TextInput_disabledSkin">
      <layers>
        <DOMLayer name="skin" color="#4FFF4F" current="true" isSelected="true" autoNamed="false">
          <frames>
            <DOMFrame index="0" keyMode="9728">
              <elements>
                <DOMShape>
                  <fills>
                    <FillStyle index="1">
                      <SolidColor color="#C9CBCC" alpha="0.298039215686275"/>
                    </FillStyle>
                    <FillStyle index="2">
                      <SolidColor color="#6D6F70" alpha="0.298039215686275"/>
                    </FillStyle>
                    <FillStyle index="3">
                      <SolidColor color="#D3D5D6" alpha="0.298039215686275"/>
                    </FillStyle>
                    <FillStyle index="4">
                      <SolidColor color="#FFFFFF" alpha="0.298039215686275"/>
                    </FillStyle>
                  </fills>
                  <edges>
                    <Edge fillStyle0="1" edges="!3020 440|3040 440!3040 440|3040 0!3040 0|3020 0"/>
                    <Edge fillStyle0="1" fillStyle1="2" edges="!3020 0|3020 20"/>
                    <Edge fillStyle0="1" fillStyle1="4" edges="!3020 20|3020 420"/>
                    <Edge fillStyle0="3" fillStyle1="4" edges="!3020 420|20 420"/>
                    <Edge fillStyle0="3" fillStyle1="1" edges="!20 420|20 440"/>
                    <Edge fillStyle0="3" edges="!20 440|3020 440"/>
                    <Edge fillStyle0="3" fillStyle1="1" edges="!3020 440|3020 420"/>
                    <Edge fillStyle0="1" edges="!0 20|0 440!0 440|20 440"/>
                    <Edge fillStyle1="2" edges="!0 20|0 0!0 0|3020 0"/>
                    <Edge fillStyle0="1" fillStyle1="2" edges="!20 20|0 20"/>
                    <Edge fillStyle0="1" fillStyle1="4" edges="!20 420|20 20"/>
                    <Edge fillStyle0="2" fillStyle1="4" edges="!20 20|3020 20"/>
                    <Edge cubics="!3020 420(;3020,420 20,420 20,420q3020 420 20 420);"/>
                    <Edge cubics="!3040 0(;3040,0 3020,0 3020,0q3040 0 3020 0);"/>
                    <Edge cubics="!0 20(;0,20 20,20 20,20p0 20 20 20);"/>
                    <Edge cubics="!20 420(;20,420 20,20 20,20q20 420 20 20);"/>
                    <Edge cubics="!3020 0(;3020,0 3020,20 3020,20q3020 0p3020 20);"/>
                    <Edge cubics="!3020 20(;3020,20 3020,420 3020,420q3020 20p3020 420);"/>
                    <Edge cubics="!20 440(;20,440 3020,440 3020,440q20 440p3020 440);"/>
                    <Edge cubics="!3020 440(;3020,440 3020,420 3020,420q3020 440p3020 420);"/>
                    <Edge cubics="!20 420(;20,420 20,440 20,440q20 420p20 440);"/>
                    <Edge cubics="!3040 440(;3040,440 3020,440 3020,440p3040 440q3020 440);"/>
                    <Edge cubics="!20 440(;20,440 0,440 0,440p20 440q0 440);"/>
                    <Edge cubics="!0 20(;0,20 0,440 0,440p0 20q0 440);"/>
                    <Edge cubics="!3040 440(;3040,440 3040,0 3040,0p3040 440q3040 0);"/>
                    <Edge cubics="!0 20(;0,20 0,0 0,0q0 20 0 0);"/>
                    <Edge cubics="!0 0(;0,0 3020,0 3020,0q0 0 3020 0);"/>
                    <Edge cubics="!20 20(;20,20 3020,20 3020,20q20 20 3020 20);"/>
                  </edges>
                </DOMShape>
              </elements>
            </DOMFrame>
          </frames>
        </DOMLayer>
      </layers>
    </DOMTimeline>
  </timeline>
</DOMSymbolItem>