<DOMSymbolItem xmlns:xsi="http://www.w3.org/2001/XMLSchema-instance" xmlns="http://ns.adobe.com/xfl/2008/" name="Component Assets/CellRendererSkins/CellRenderer_selectedDownSkin" itemID="453f806e-000004e9" linkageExportForAS="true" linkageExportInFirstFrame="false" linkageClassName="CellRenderer_selectedDownSkin" scaleGridLeft="1" scaleGridRight="151" scaleGridTop="1" scaleGridBottom="21" lastModified="1168287002">
  <timeline>
    <DOMTimeline name="CellRenderer_selectedDownSkin">
      <layers>
        <DOMLayer name="border" color="#4FFF4F" autoNamed="false">
          <frames>
            <DOMFrame index="0" keyMode="9728">
              <elements>
                <DOMGroup>
                  <members>
                    <DOMShape>
                      <fills>
                        <FillStyle index="1">
                          <LinearGradient>
                            <matrix>
                              <Matrix a="0" b="-0.00787353515625" c="0.00787353515625" d="0" tx="8.5" ty="14.45"/>
                            </matrix>
                            <GradientEntry color="#0075BF" ratio="0"/>
                            <GradientEntry color="#009DFF" ratio="0.992156862745098"/>
                          </LinearGradient>
                        </FillStyle>
                      </fills>
                      <edges>
                        <Edge fillStyle0="1" edges="!3040 0|0 0!0 0|0 440!0 440|3040 440!3040 440|3040 0!3020 420|20 420!20 420|20 20!20 20|3020 20!3020 20|3020 420"/>
                      </edges>
                    </DOMShape>
                  </members>
                </DOMGroup>
              </elements>
            </DOMFrame>
          </frames>
        </DOMLayer>
        <DOMLayer name="fill" color="#FFFF4F" current="true" isSelected="true" autoNamed="false">
          <frames>
            <DOMFrame index="0" keyMode="9728">
              <elements>
                <DOMShape>
                  <fills>
                    <FillStyle index="1">
                      <SolidColor color="#9AD8FF"/>
                    </FillStyle>
                  </fills>
                  <edges>
                    <Edge fillStyle1="1" edges="!3039.5 440.5|-0.5 440.5!-0.5 440.5|-0.5 0.5!-0.5 0.5|3039.5 0.5!3039.5 0.5|3039.5 440.5"/>
                  </edges>
                </DOMShape>
              </elements>
            </DOMFrame>
          </frames>
        </DOMLayer>
      </layers>
    </DOMTimeline>
  </timeline>
</DOMSymbolItem>