<DOMSymbolItem xmlns:xsi="http://www.w3.org/2001/XMLSchema-instance" xmlns="http://ns.adobe.com/xfl/2008/" name="Component Assets/CellRendererSkins/CellRenderer_selectedUpSkin" itemID="453f806e-000004ef" linkageExportForAS="true" linkageExportInFirstFrame="false" linkageClassName="CellRenderer_selectedUpSkin" scaleGridLeft="1" scaleGridRight="151" scaleGridTop="1" scaleGridBottom="21" lastModified="1168287028">
  <timeline>
    <DOMTimeline name="CellRenderer_selectedUpSkin">
      <layers>
        <DOMLayer name="border" color="#4FFF4F" current="true" isSelected="true" autoNamed="false">
          <frames>
            <DOMFrame index="0" keyMode="9728">
              <elements>
                <DOMShape>
                  <fills>
                    <FillStyle index="1">
                      <SolidColor color="#B7BABC"/>
                    </FillStyle>
                    <FillStyle index="2">
                      <LinearGradient>
                        <matrix>
                          <Matrix a="0" b="-0.00787353515625" c="0.00787353515625" d="0" tx="8.5" ty="14.45"/>
                        </matrix>
                        <GradientEntry color="#5B5D5E" ratio="0"/>
                        <GradientEntry color="#B7BABC" ratio="1"/>
                      </LinearGradient>
                    </FillStyle>
                  </fills>
                  <edges>
                    <Edge fillStyle0="2" edges="!20 25|20 20!20 20|3020 20!3020 20|3020 25"/>
                    <Edge fillStyle0="2" fillStyle1="1" edges="!3020 25|3040 25"/>
                    <Edge fillStyle0="2" edges="!3040 25|3040 0!3040 0|0 0!0 0|0 25"/>
                    <Edge fillStyle0="2" fillStyle1="1" edges="!0 25|20 25"/>
                    <Edge fillStyle1="1" edges="!20 25|20 420"/>
                    <Edge fillStyle0="2" fillStyle1="1" edges="!20 420|0 420"/>
                    <Edge fillStyle1="1" edges="!0 420|0 25"/>
                    <Edge fillStyle0="1" edges="!3020 25|3020 420"/>
                    <Edge fillStyle0="1" fillStyle1="2" edges="!3020 420|3040 420"/>
                    <Edge fillStyle0="1" edges="!3040 420|3040 25"/>
                    <Edge fillStyle0="2" edges="!0 420|0 440!0 440|3040 440!3040 440|3040 420!3020 420|20 420"/>
                  </edges>
                </DOMShape>
              </elements>
            </DOMFrame>
          </frames>
        </DOMLayer>
        <DOMLayer name="fill" color="#9933CC" autoNamed="false">
          <frames>
            <DOMFrame index="0" keyMode="9728">
              <elements>
                <DOMShape isFloating="true">
                  <fills>
                    <FillStyle index="1">
                      <SolidColor color="#9AD8FF"/>
                    </FillStyle>
                  </fills>
                  <edges>
                    <Edge fillStyle1="1" edges="!3039.5 440.5S2|-0.5 440.5!-0.5 440.5|-0.5 0.5!-0.5 0.5|3039.5 0.5!3039.5 0.5|3039.5 440.5"/>
                  </edges>
                </DOMShape>
              </elements>
            </DOMFrame>
          </frames>
        </DOMLayer>
      </layers>
    </DOMTimeline>
  </timeline>
</DOMSymbolItem>