<DOMSymbolItem xmlns:xsi="http://www.w3.org/2001/XMLSchema-instance" xmlns="http://ns.adobe.com/xfl/2008/" name="Component Assets/CellRendererSkins/CellRenderer_overSkin" itemID="453f806e-000004e3" linkageExportForAS="true" linkageExportInFirstFrame="false" linkageClassName="CellRenderer_overSkin" scaleGridLeft="1" scaleGridRight="151" scaleGridTop="1" scaleGridBottom="21" lastModified="1168297377">
  <timeline>
    <DOMTimeline name="CellRenderer_overSkin">
      <layers>
        <DOMLayer name="border" color="#4FFF4F" outline="true" current="true" isSelected="true" useOutlineView="true" autoNamed="false">
          <frames>
            <DOMFrame index="0" keyMode="9728">
              <elements>
                <DOMShape>
                  <fills>
                    <FillStyle index="1">
                      <LinearGradient>
                        <matrix>
                          <Matrix a="0" b="0.00787353515625" c="-0.00787353515625" d="0" tx="143.5" ty="7.55"/>
                        </matrix>
                        <GradientEntry color="#0075BF" ratio="0"/>
                        <GradientEntry color="#009DFF" ratio="0.992156862745098"/>
                      </LinearGradient>
                    </FillStyle>
                  </fills>
                  <edges>
                    <Edge fillStyle0="1" edges="!3020 420|20 420!20 420|20 20!20 20|3020 20!3020 20|3020 420!3040 0|0 0!0 0|0 440!0 440|3040 440!3040 440|3040 0"/>
                  </edges>
                </DOMShape>
              </elements>
            </DOMFrame>
          </frames>
        </DOMLayer>
        <DOMLayer name="fill" color="#9933CC" locked="true" autoNamed="false">
          <frames>
            <DOMFrame index="0" keyMode="9728">
              <elements>
                <DOMShape>
                  <fills>
                    <FillStyle index="1">
                      <SolidColor color="#DAF1FF"/>
                    </FillStyle>
                  </fills>
                  <edges>
                    <Edge fillStyle1="1" edges="!3039.5 440.5S2|-0.5 440.5!-0.5 440.5|-0.5 0.5!-0.5 0.5|3039.5 0.5!3039.5 0.5|3039.5 440.5"/>
                  </edges>
                </DOMShape>
              </elements>
            </DOMFrame>
          </frames>
        </DOMLayer>
      </layers>
    </DOMTimeline>
  </timeline>
</DOMSymbolItem>