<DOMSymbolItem xmlns:xsi="http://www.w3.org/2001/XMLSchema-instance" xmlns="http://ns.adobe.com/xfl/2008/" name="MetaDataRenderer" itemID="51f8a822-00000186" linkageExportForAS="true" linkageClassName="MetaDataRenderer" lastModified="1375250707" lastUniqueIdentifier="1">
  <timeline>
    <DOMTimeline name="MetaDataRenderer">
      <layers>
        <DOMLayer name="レイヤー 1" color="#4F80FF" current="true" isSelected="true">
          <frames>
            <DOMFrame index="0" keyMode="9728">
              <elements>
                <DOMDynamicText name="labelID" width="69" height="13.75">
                  <matrix>
                    <Matrix tx="2" ty="2"/>
                  </matrix>
                  <textRuns>
                    <DOMTextRun>
                      <characters>id</characters>
                      <textAttrs>
                        <DOMTextAttrs aliasText="false" size="11" bitmapSize="220" face="_gothic" fillColor="#FFFFFF"/>
                      </textAttrs>
                    </DOMTextRun>
                  </textRuns>
                </DOMDynamicText>
                <DOMDynamicText name="labelDataType" width="42" height="13.75">
                  <matrix>
                    <Matrix tx="75" ty="2"/>
                  </matrix>
                  <textRuns>
                    <DOMTextRun>
                      <characters>string</characters>
                      <textAttrs>
                        <DOMTextAttrs aliasText="false" size="11" bitmapSize="220" face="_gothic" fillColor="#FFFFFF"/>
                      </textAttrs>
                    </DOMTextRun>
                  </textRuns>
                </DOMDynamicText>
                <DOMComponentInstance libraryItemName="TextInput" name="textValue" uniqueID="1">
                  <matrix>
                    <Matrix a="1.22000122070312" tx="119"/>
                  </matrix>
                  <transformationPoint>
                    <Point x="50" y="11"/>
                  </transformationPoint>
                  <parametersAsXML><![CDATA[   <property id="displayAsPassword">
      <Inspectable name="displayAsPassword" variable="displayAsPassword" category="" verbose="0" defaultValue="false" type="Boolean"/>
   </property>
   <property id="editable">
      <Inspectable name="editable" variable="editable" category="" verbose="0" defaultValue="true" type="Boolean"/>
   </property>
   <property id="enabled">
      <Inspectable name="enabled" variable="enabled" category="" verbose="1" defaultValue="true" type="Boolean"/>
   </property>
   <property id="maxChars">
      <Inspectable name="maxChars" variable="maxChars" category="" verbose="0" defaultValue="0" type="Number"/>
   </property>
   <property id="restrict">
      <Inspectable name="restrict" variable="restrict" category="" verbose="0" defaultValue="" type="String"/>
   </property>
   <property id="text">
      <Inspectable name="text" variable="text" category="" verbose="0" defaultValue="" type="String"/>
   </property>
   <property id="visible">
      <Inspectable name="visible" variable="visible" category="" verbose="1" defaultValue="true" type="Boolean"/>
   </property>
]]></parametersAsXML>
                </DOMComponentInstance>
              </elements>
            </DOMFrame>
          </frames>
        </DOMLayer>
      </layers>
    </DOMTimeline>
  </timeline>
</DOMSymbolItem>