<DOMSymbolItem xmlns:xsi="http://www.w3.org/2001/XMLSchema-instance" xmlns="http://ns.adobe.com/xfl/2008/" name="Component Assets/CheckBoxSkins/CheckBox_selectedIcon" itemID="456df3a1-0000019b" lastModified="1168287126">
  <timeline>
    <DOMTimeline name="CheckBox_selectedIcon">
      <layers>
        <DOMLayer name="icon" color="#4FFF4F" current="true" isSelected="true" autoNamed="false">
          <frames>
            <DOMFrame index="0" keyMode="9728">
              <elements>
                <DOMShape>
                  <fills>
                    <FillStyle index="1">
                      <SolidColor/>
                    </FillStyle>
                  </fills>
                  <edges>
                    <Edge fillStyle1="1" edges="!0 76|39 73!39 73|70 135!70 135|157 0!157 0|200 0!200 0|177 28!177 28|90 180!90 180|45 180!45 180|0 76"/>
                  </edges>
                </DOMShape>
              </elements>
            </DOMFrame>
          </frames>
        </DOMLayer>
      </layers>
    </DOMTimeline>
  </timeline>
</DOMSymbolItem>