<DOMDocument xmlns:xsi="http://www.w3.org/2001/XMLSchema-instance" xmlns="http://ns.adobe.com/xfl/2008/" backgroundColor="#444444" width="250" height="300" currentTimeline="1" xflVersion="2.3" creatorInfo="Adobe Flash Professional CC" platform="Macintosh" versionInfo="Saved by Adobe Flash Macintosh 13.0 build 759" majorVersion="13" buildNumber="759" objectsSnapTo="false" viewAngle3D="26.6251123455775" nextSceneIdentifier="2" playOptionsPlayLoop="false" playOptionsPlayPages="false" playOptionsPlayFrameActions="false">
     <folders>
          <DOMFolderItem name="Component Assets" itemID="44e488a0-000016d6"/>
          <DOMFolderItem name="Component Assets/_private" itemID="4573a4bc-000003c6"/>
          <DOMFolderItem name="Component Assets/CellRendererSkins" itemID="44d7baa5-000000e7"/>
          <DOMFolderItem name="Component Assets/CheckBoxSkins" itemID="44c9141c-00000113"/>
          <DOMFolderItem name="Component Assets/ComboBoxSkins" itemID="44f73b7c-0000018e"/>
          <DOMFolderItem name="Component Assets/ListSkins" itemID="44e5f6f9-00000039"/>
          <DOMFolderItem name="Component Assets/ScrollBarSkins" itemID="44ea2edf-000000a6"/>
          <DOMFolderItem name="Component Assets/Shared" itemID="44f892ff-0000001e"/>
          <DOMFolderItem name="Component Assets/TextInputSkins" itemID="44c91d04-00000282"/>
     </folders>
     <media>
          <DOMCompiledClipItem name="Component Assets/_private/ComponentShim" itemID="50f45de3-000003c1" linkageExportForAS="true" linkageClassName="fl.core.ComponentShim" sourceLastImported="1358192099" displayAsComponent="false" customIconID="0" actionscriptClass="fl.core.ComponentShim" swfScmHRef="9904vgmrqe.swf" swfScmSourceFilename="C:\Users\jkamerer\AppData\Local\Adobe\Flash CS7\en_US\Configuration\TMP00ECED5F50F45DDD..swf" persistLivePreview11="true" livePreview11ScmHRef="9905agmrqe.swf" livePreview11ScmSourceFilename="C:\Users\jkamerer\AppData\Local\Adobe\Flash CS7\en_US\Configuration\TMP00ECED5F50F45DDD..swf" editFrameIndex="1" requiredMinimumPlayerVersion="0" requiredMinimumASVersion="0" parametersAreLocked="true" swcPath="Component Assets/_private/ComponentShim.xml" rootSymbolLinkageID="fl.core.ComponentShim" playerVersion="9" actionscriptVersion="3" hashKey="lBSX9Y5jU7802yucctAf9/">
               <classProperties><![CDATA[<component id="fl/core/ComponentShim" class="fl.core.ComponentShim" modified="1358192086103">
<movieBounds xmin="0" xmax="0" ymin="0" ymax="0" />
<componentData>
<classDefs>
	<classDef id="fl.core.AccessibilityShim"/>
	<classDef id="fl.controls.CheckBox"/>
	<classDef id="fl.controls.LabelButton"/>
	<classDef id="fl.controls.List"/>
	<classDef id="fl.controls.ComboBox"/>
	<classDef id="fl.controls.ProgressBarDirection"/>
	<classDef id="fl.data.SimpleCollectionItem"/>
	<classDef id="fl.controls.TextArea"/>
	<classDef id="fl.display.ProLoaderInfo"/>
	<classDef id="fl.controls.Slider"/>
	<classDef id="fl.events.DataChangeEvent"/>
	<classDef id="fl.accessibility.ComboBoxAccImpl"/>
	<classDef id="fl.events.DataChangeType"/>
	<classDef id="fl.accessibility.TileListAccImpl"/>
	<classDef id="fl.accessibility.ButtonAccImpl"/>
	<classDef id="fl.controls.BaseButton"/>
	<classDef id="fl.core.UIComponent"/>
	<classDef id="fl.controls.DataGrid"/>
	<classDef id="fl.display.ProLoader"/>
	<classDef id="fl.containers.BaseScrollPane"/>
	<classDef id="fl.livepreview.LivePreviewParent"/>
	<classDef id="fl.controls.Label"/>
	<classDef id="fl.managers.IFocusManagerComponent"/>
	<classDef id="fl.controls.UIScrollBar"/>
	<classDef id="fl.controls.listClasses.ICellRenderer"/>
	<classDef id="fl.controls.dataGridClasses.DataGridCellEditor"/>
	<classDef id="fl.controls.ColorPicker"/>
	<classDef id="fl.managers.FocusManager"/>
	<classDef id="fl.events.ProLoaderRSLPreloaderSandboxEvent"/>
	<classDef id="fl.events.DataGridEventReason"/>
	<classDef id="fl.events.SliderEvent"/>
	<classDef id="fl.events.SliderEventClickTarget"/>
	<classDef id="fl.controls.progressBarClasses.IndeterminateBar"/>
	<classDef id="fl.controls.listClasses.ListData"/>
	<classDef id="fl.core.InvalidationType"/>
	<classDef id="fl.controls.RadioButtonGroup"/>
	<classDef id="fl.controls.NumericStepper"/>
	<classDef id="fl.accessibility.LabelButtonAccImpl"/>
	<classDef id="fl.containers.UILoader"/>
	<classDef id="fl.events.ColorPickerEvent"/>
	<classDef id="fl.controls.ButtonLabelPlacement"/>
	<classDef id="fl.accessibility.CheckBoxAccImpl"/>
	<classDef id="fl.managers.StyleManager"/>
	<classDef id="fl.controls.TileList"/>
	<classDef id="fl.controls.RadioButton"/>
	<classDef id="fl.containers.ScrollPane"/>
	<classDef id="fl.controls.listClasses.TileListData"/>
	<classDef id="fl.events.InteractionInputType"/>
	<classDef id="fl.controls.Button"/>
	<classDef id="fl.core.ComponentShim"/>
	<classDef id="fl.accessibility.UIComponentAccImpl"/>
	<classDef id="fl.controls.SelectableList"/>
	<classDef id="fl.events.ComponentEvent"/>
	<classDef id="fl.accessibility.RadioButtonAccImpl"/>
	<classDef id="fl.controls.listClasses.CellRenderer"/>
	<classDef id="fl.managers.IFocusManagerGroup"/>
	<classDef id="fl.controls.ScrollPolicy"/>
	<classDef id="fl.controls.ScrollBar"/>
	<classDef id="fl.controls.ProgressBar"/>
	<classDef id="fl.controls.listClasses.ImageCell"/>
	<classDef id="fl.managers.IFocusManager"/>
	<classDef id="fl.controls.ProgressBarMode"/>
	<classDef id="fl.accessibility.SelectableListAccImpl"/>
	<classDef id="fl.controls.TextInput"/>
	<classDef id="fl.events.ListEvent"/>
	<classDef id="fl.accessibility.AccImpl"/>
	<classDef id="fl.accessibility.DataGridAccImpl"/>
	<classDef id="fl.events.ScrollEvent"/>
	<classDef id="fl.controls.dataGridClasses.DataGridColumn"/>
	<classDef id="fl.events.DataGridEvent"/>
	<classDef id="fl.data.TileListCollectionItem"/>
	<classDef id="fl.data.DataProvider"/>
	<classDef id="fl.accessibility.ListAccImpl"/>
	<classDef id="fl.controls.dataGridClasses.HeaderRenderer"/>
	<classDef id="fl.controls.ScrollBarDirection"/>
	<classDef id="fl.controls.SliderDirection"/>
</classDefs>
<class id="fl.core.ComponentShim" >
	<method id="ComponentShim" isConstructor="true" isProperty="false">
	</method>
</class>
</componentData>
</component>
]]></classProperties>
               <SwcItem name="fl.core.ComponentShim" version="1358192086" isTopLevel="true"/>
          </DOMCompiledClipItem>
          <DOMBitmapItem name="DroverSpacer.jpg" itemID="50bfd3c3-0000020b" sourceExternalFilepath="../../../../../../../Desktop/Dropbox/WorkDropBox/05CurrentProjects/04GamingAndMetadata/MetaDataPanel/DroverSpacer.jpg" sourceLastImported="1354748736" allowSmoothing="true" quality="50" href="DroverSpacer.jpg" bitmapDataHRef="M 1 1375250144.dat" frameRight="9880" frameBottom="400" isJPEG="true"/>
     </media>
     <symbols>
          <Include href="CheckBox.xml" itemID="44b19f0d-00000018" lastModified="1358192121"/>
          <Include href="ComboBox.xml" itemID="44f70a5f-0000008e" lastModified="1358192121"/>
          <Include href="Component Assets/_private/Component_avatar.xml" loadImmediate="false" itemID="44f89322-00000020" lastModified="1168286780"/>
          <Include href="Component Assets/CellRenderer.xml" itemID="44d7bb1d-000000ed" lastModified="1358192121"/>
          <Include href="Component Assets/CellRendererSkins/CellRenderer_disabledSkin.xml" itemID="453f806e-000004dd" lastModified="1168293053"/>
          <Include href="Component Assets/CellRendererSkins/CellRenderer_downSkin.xml" itemID="453f806e-000004e0" lastModified="1168286936"/>
          <Include href="Component Assets/CellRendererSkins/CellRenderer_overSkin.xml" itemID="453f806e-000004e3" lastModified="1168297377"/>
          <Include href="Component Assets/CellRendererSkins/CellRenderer_selectedDisabledSkin.xml" itemID="453f806e-000004e6" lastModified="1168293033"/>
          <Include href="Component Assets/CellRendererSkins/CellRenderer_selectedDownSkin.xml" itemID="453f806e-000004e9" lastModified="1168287002"/>
          <Include href="Component Assets/CellRendererSkins/CellRenderer_selectedOverSkin.xml" itemID="453f806e-000004ec" lastModified="1168292911"/>
          <Include href="Component Assets/CellRendererSkins/CellRenderer_selectedUpSkin.xml" itemID="453f806e-000004ef" lastModified="1168287028"/>
          <Include href="Component Assets/CellRendererSkins/CellRenderer_upSkin.xml" itemID="453f806e-000004da" lastModified="1169163238"/>
          <Include href="Component Assets/CheckBoxSkins/CheckBox_disabledIcon.xml" itemID="43970702-00000af1" lastModified="1168287061"/>
          <Include href="Component Assets/CheckBoxSkins/CheckBox_downIcon.xml" itemID="43970784-00000be6" lastModified="1168287071"/>
          <Include href="Component Assets/CheckBoxSkins/CheckBox_overIcon.xml" itemID="4397078d-00000c43" lastModified="1168287083"/>
          <Include href="Component Assets/CheckBoxSkins/CheckBox_selectedDisabledIcon.xml" itemID="439706ef-00000a94" lastModified="1168287108"/>
          <Include href="Component Assets/CheckBoxSkins/CheckBox_selectedDownIcon.xml" itemID="439707a8-00000d0d" lastModified="1168287121"/>
          <Include href="Component Assets/CheckBoxSkins/CheckBox_selectedIcon.xml" loadImmediate="false" itemID="456df3a1-0000019b" lastModified="1168287126"/>
          <Include href="Component Assets/CheckBoxSkins/CheckBox_selectedOverIcon.xml" itemID="43970af6-00000e3a" lastModified="1168287139"/>
          <Include href="Component Assets/CheckBoxSkins/CheckBox_selectedUpIcon.xml" itemID="43970b00-00000e9b" lastModified="1168287153"/>
          <Include href="Component Assets/CheckBoxSkins/CheckBox_upIcon.xml" itemID="4397079e-00000cac" lastModified="1168287165"/>
          <Include href="Component Assets/ComboBoxSkins/ComboBox_disabledSkin.xml" itemID="44f747a4-00000196" lastModified="1168287287"/>
          <Include href="Component Assets/ComboBoxSkins/ComboBox_downSkin.xml" itemID="44f74767-00000192" lastModified="1168287299"/>
          <Include href="Component Assets/ComboBoxSkins/ComboBox_overSkin.xml" itemID="44f7476d-00000193" lastModified="1168287312"/>
          <Include href="Component Assets/ComboBoxSkins/ComboBox_upSkin.xml" itemID="44f7477c-00000194" lastModified="1168288699"/>
          <Include href="Component Assets/ListSkins/List_skin.xml" itemID="44d01cb5-00000051" lastModified="1169163244"/>
          <Include href="Component Assets/ScrollBar.xml" itemID="45365ac7-000002ef" lastModified="1358192121"/>
          <Include href="Component Assets/ScrollBarSkins/ScrollArrowDown_disabledSkin.xml" itemID="4399b48a-00008d0a" lastModified="1168289950"/>
          <Include href="Component Assets/ScrollBarSkins/ScrollArrowDown_downSkin.xml" itemID="4399b4a4-00008e29" lastModified="1168289961"/>
          <Include href="Component Assets/ScrollBarSkins/ScrollArrowDown_icon.xml" itemIcon="1" loadImmediate="false" itemID="456df1e4-00000190" lastModified="1168289966"/>
          <Include href="Component Assets/ScrollBarSkins/ScrollArrowDown_overSkin.xml" itemID="4399c50b-00008f6e" lastModified="1168290195"/>
          <Include href="Component Assets/ScrollBarSkins/ScrollArrowDown_upSkin.xml" itemID="4399c519-0000900f" lastModified="1168290217"/>
          <Include href="Component Assets/ScrollBarSkins/ScrollArrowUp_disabledSkin.xml" itemID="4399b493-00008d74" lastModified="1168290230"/>
          <Include href="Component Assets/ScrollBarSkins/ScrollArrowUp_downSkin.xml" itemID="4399c54a-00009130" lastModified="1168290244"/>
          <Include href="Component Assets/ScrollBarSkins/ScrollArrowUp_icon.xml" itemIcon="1" loadImmediate="false" itemID="456df209-00000192" lastModified="1168290248"/>
          <Include href="Component Assets/ScrollBarSkins/ScrollArrowUp_overSkin.xml" itemID="4399c55c-000091cd" lastModified="1168290260"/>
          <Include href="Component Assets/ScrollBarSkins/ScrollArrowUp_upSkin.xml" itemID="4399c568-00009256" lastModified="1168290275"/>
          <Include href="Component Assets/ScrollBarSkins/ScrollBar_thumbIcon.xml" itemID="442a68fb-00006a9d" lastModified="1164927281"/>
          <Include href="Component Assets/ScrollBarSkins/ScrollThumb_downSkin.xml" itemID="4399c5a6-000092e7" lastModified="1168290280"/>
          <Include href="Component Assets/ScrollBarSkins/ScrollThumb_overSkin.xml" itemID="4399c5b6-00009358" lastModified="1168290288"/>
          <Include href="Component Assets/ScrollBarSkins/ScrollThumb_upSkin.xml" itemID="4399c5d1-000093e9" lastModified="1168290292"/>
          <Include href="Component Assets/ScrollBarSkins/ScrollTrack_skin.xml" itemID="44fdb956-000002bc" lastModified="1168290301"/>
          <Include href="Component Assets/Shared/arrowIcon.xml" itemIcon="1" loadImmediate="false" itemID="456df449-0000019f" lastModified="1168290350"/>
          <Include href="Component Assets/Shared/focusRectSkin.xml" itemID="44d8b6f8-00000055" lastModified="1168290361"/>
          <Include href="Component Assets/TextInputSkins/TextInput_disabledSkin.xml" itemID="44b148ab-000000ee" lastModified="1168290428"/>
          <Include href="Component Assets/TextInputSkins/TextInput_upSkin.xml" itemID="44b148bb-000000ef" lastModified="1168290434"/>
          <Include href="Empty.xml" loadImmediate="false" itemID="51f8a831-00000196" lastModified="1375250481"/>
          <Include href="List.xml" itemID="44e5f6db-00000035" lastModified="1358192121"/>
          <Include href="MetaDataRenderer.xml" itemID="51f8a822-00000186" lastModified="1375250707"/>
          <Include href="TextInput.xml" itemID="44b159e1-000000fd" lastModified="1358192122"/>
     </symbols>
     <timelines>
          <DOMTimeline name="シーン 1">
               <layers>
                    <DOMLayer name="MetaDataRenderer" color="#9933CC" outline="true" current="true" isSelected="true" useOutlineView="true" autoNamed="false" layerType="guide">
                         <frames>
                              <DOMFrame index="0" keyMode="9728">
                                   <elements>
                                        <DOMSymbolInstance libraryItemName="MetaDataRenderer">
                                             <matrix>
                                                  <Matrix tx="262.45" ty="160"/>
                                             </matrix>
                                             <transformationPoint>
                                                  <Point x="109.5" y="11"/>
                                             </transformationPoint>
                                        </DOMSymbolInstance>
                                   </elements>
                              </DOMFrame>
                         </frames>
                    </DOMLayer>
                    <DOMLayer name="レイヤー 1" color="#4F80FF">
                         <frames>
                              <DOMFrame index="0" keyMode="9728">
                                   <elements>
                                        <DOMBitmapInstance libraryItemName="DroverSpacer.jpg">
                                             <matrix>
                                                  <Matrix tx="-116.45"/>
                                             </matrix>
                                        </DOMBitmapInstance>
                                        <DOMStaticText width="79" height="13.75">
                                             <matrix>
                                                  <Matrix tx="11" ty="2.4"/>
                                             </matrix>
                                             <textRuns>
                                                  <DOMTextRun>
                                                       <characters>S</characters>
                                                       <textAttrs>
                                                            <DOMTextAttrs aliasText="false" size="11" bitmapSize="220" face="Tahoma" fillColor="#FFFFFF"/>
                                                       </textAttrs>
                                                  </DOMTextRun>
                                                  <DOMTextRun>
                                                       <characters>ettings</characters>
                                                       <textAttrs>
                                                            <DOMTextAttrs aliasText="false" size="11" bitmapSize="220" face="_gothic" fillColor="#FFFFFF"/>
                                                       </textAttrs>
                                                  </DOMTextRun>
                                             </textRuns>
                                        </DOMStaticText>
                                        <DOMBitmapInstance libraryItemName="DroverSpacer.jpg">
                                             <matrix>
                                                  <Matrix tx="-116.45" ty="51.45"/>
                                             </matrix>
                                        </DOMBitmapInstance>
                                        <DOMStaticText width="79" height="13.25">
                                             <matrix>
                                                  <Matrix tx="11" ty="53.85"/>
                                             </matrix>
                                             <textRuns>
                                                  <DOMTextRun>
                                                       <characters>Properties</characters>
                                                       <textAttrs>
                                                            <DOMTextAttrs aliasText="false" size="11" bitmapSize="220" face="Tahoma" fillColor="#FFFFFF"/>
                                                       </textAttrs>
                                                  </DOMTextRun>
                                             </textRuns>
                                        </DOMStaticText>
                                        <DOMComponentInstance libraryItemName="ComboBox" name="comboBox" uniqueID="1">
                                             <matrix>
                                                  <Matrix a="1.130126953125" tx="16" ty="24"/>
                                             </matrix>
                                             <transformationPoint>
                                                  <Point y="1"/>
                                             </transformationPoint>
                                             <parametersAsXML><![CDATA[   <property id="dataProvider">
      <Inspectable name="dataProvider" variable="dataProvider" category="" verbose="0" defaultValue="fl.data.DataProvider, fl.data.SimpleCollectionItem, item, 0, 0" type="Collection"/>
   </property>
   <property id="editable">
      <Inspectable name="editable" variable="editable" category="" verbose="0" defaultValue="false" type="Boolean"/>
   </property>
   <property id="enabled">
      <Inspectable name="enabled" variable="enabled" category="" verbose="1" defaultValue="true" type="Boolean"/>
   </property>
   <property id="prompt">
      <Inspectable name="prompt" variable="prompt" category="" verbose="0" defaultValue="" type="String"/>
   </property>
   <property id="restrict">
      <Inspectable name="restrict" variable="restrict" category="" verbose="1" defaultValue="" type="String"/>
   </property>
   <property id="rowCount">
      <Inspectable name="rowCount" variable="rowCount" category="" verbose="0" defaultValue="5" type="Number"/>
   </property>
   <property id="visible">
      <Inspectable name="visible" variable="visible" category="" verbose="1" defaultValue="true" type="Boolean"/>
   </property>
]]></parametersAsXML>
                                        </DOMComponentInstance>
                                        <DOMComponentInstance libraryItemName="CheckBox" name="checkBox" uniqueID="2">
                                             <matrix>
                                                  <Matrix tx="150" ty="24"/>
                                             </matrix>
                                             <transformationPoint>
                                                  <Point x="50" y="11"/>
                                             </transformationPoint>
                                             <parametersAsXML><![CDATA[   <property id="enabled">
      <Inspectable name="enabled" variable="enabled" category="" verbose="1" defaultValue="true" type="Boolean"/>
   </property>
   <property id="label">
      <Inspectable name="label" variable="label" category="" verbose="0" defaultValue="EmbedSWF" type="String"/>
   </property>
   <property id="labelPlacement">
      <Inspectable name="labelPlacement" variable="labelPlacement" category="" verbose="0" defaultValue="right" enumeration="left,right,top,bottom" type="List"/>
   </property>
   <property id="selected">
      <Inspectable name="selected" variable="selected" category="" verbose="0" defaultValue="false" type="Boolean"/>
   </property>
   <property id="visible">
      <Inspectable name="visible" variable="visible" category="" verbose="1" defaultValue="true" type="Boolean"/>
   </property>
]]></parametersAsXML>
                                        </DOMComponentInstance>
                                        <DOMSymbolInstance libraryItemName="Empty" name="containerProperties">
                                             <matrix>
                                                  <Matrix tx="19" ty="81"/>
                                             </matrix>
                                             <transformationPoint>
                                                  <Point/>
                                             </transformationPoint>
                                        </DOMSymbolInstance>
                                   </elements>
                              </DOMFrame>
                         </frames>
                    </DOMLayer>
               </layers>
          </DOMTimeline>
     </timelines>
     <PrinterSettings platform="macintosh"/>
     <publishHistory>
          <PublishItem publishSize="51440" publishTime="1375250711"/>
          <PublishItem publishSize="51422" publishTime="1375250689"/>
          <PublishItem publishSize="51422" publishTime="1375250640"/>
          <PublishItem publishSize="51412" publishTime="1375250528"/>
          <PublishItem publishSize="48891" publishTime="1375250507"/>
          <PublishItem publishSize="46785" publishTime="1375250369"/>
     </publishHistory>
     <swcCache>
          <Swc hashKey="lBSX9Y5jU7802yucctAf9/" href="4647044994483.swc">
               <classDefinitions>
                    <ClassDefinition value="fl.core.AccessibilityShim"/>
                    <ClassDefinition value="fl.controls.CheckBox"/>
                    <ClassDefinition value="fl.controls.LabelButton"/>
                    <ClassDefinition value="fl.controls.List"/>
                    <ClassDefinition value="fl.controls.ComboBox"/>
                    <ClassDefinition value="fl.controls.ProgressBarDirection"/>
                    <ClassDefinition value="fl.data.SimpleCollectionItem"/>
                    <ClassDefinition value="fl.controls.TextArea"/>
                    <ClassDefinition value="fl.display.ProLoaderInfo"/>
                    <ClassDefinition value="fl.controls.Slider"/>
                    <ClassDefinition value="fl.events.DataChangeEvent"/>
                    <ClassDefinition value="fl.accessibility.ComboBoxAccImpl"/>
                    <ClassDefinition value="fl.events.DataChangeType"/>
                    <ClassDefinition value="fl.accessibility.TileListAccImpl"/>
                    <ClassDefinition value="fl.accessibility.ButtonAccImpl"/>
                    <ClassDefinition value="fl.controls.BaseButton"/>
                    <ClassDefinition value="fl.core.UIComponent"/>
                    <ClassDefinition value="fl.controls.DataGrid"/>
                    <ClassDefinition value="fl.display.ProLoader"/>
                    <ClassDefinition value="fl.containers.BaseScrollPane"/>
                    <ClassDefinition value="fl.livepreview.LivePreviewParent"/>
                    <ClassDefinition value="fl.controls.Label"/>
                    <ClassDefinition value="fl.managers.IFocusManagerComponent"/>
                    <ClassDefinition value="fl.controls.UIScrollBar"/>
                    <ClassDefinition value="fl.controls.listClasses.ICellRenderer"/>
                    <ClassDefinition value="fl.controls.dataGridClasses.DataGridCellEditor"/>
                    <ClassDefinition value="fl.controls.ColorPicker"/>
                    <ClassDefinition value="fl.managers.FocusManager"/>
                    <ClassDefinition value="fl.events.ProLoaderRSLPreloaderSandboxEvent"/>
                    <ClassDefinition value="fl.events.DataGridEventReason"/>
                    <ClassDefinition value="fl.events.SliderEvent"/>
                    <ClassDefinition value="fl.events.SliderEventClickTarget"/>
                    <ClassDefinition value="fl.controls.progressBarClasses.IndeterminateBar"/>
                    <ClassDefinition value="fl.controls.listClasses.ListData"/>
                    <ClassDefinition value="fl.core.InvalidationType"/>
                    <ClassDefinition value="fl.controls.RadioButtonGroup"/>
                    <ClassDefinition value="fl.controls.NumericStepper"/>
                    <ClassDefinition value="fl.accessibility.LabelButtonAccImpl"/>
                    <ClassDefinition value="fl.containers.UILoader"/>
                    <ClassDefinition value="fl.events.ColorPickerEvent"/>
                    <ClassDefinition value="fl.controls.ButtonLabelPlacement"/>
                    <ClassDefinition value="fl.accessibility.CheckBoxAccImpl"/>
                    <ClassDefinition value="fl.managers.StyleManager"/>
                    <ClassDefinition value="fl.controls.TileList"/>
                    <ClassDefinition value="fl.controls.RadioButton"/>
                    <ClassDefinition value="fl.containers.ScrollPane"/>
                    <ClassDefinition value="fl.controls.listClasses.TileListData"/>
                    <ClassDefinition value="fl.events.InteractionInputType"/>
                    <ClassDefinition value="fl.controls.Button"/>
                    <ClassDefinition value="fl.core.ComponentShim"/>
                    <ClassDefinition value="fl.accessibility.UIComponentAccImpl"/>
                    <ClassDefinition value="fl.controls.SelectableList"/>
                    <ClassDefinition value="fl.events.ComponentEvent"/>
                    <ClassDefinition value="fl.accessibility.RadioButtonAccImpl"/>
                    <ClassDefinition value="fl.controls.listClasses.CellRenderer"/>
                    <ClassDefinition value="fl.managers.IFocusManagerGroup"/>
                    <ClassDefinition value="fl.controls.ScrollPolicy"/>
                    <ClassDefinition value="fl.controls.ScrollBar"/>
                    <ClassDefinition value="fl.controls.ProgressBar"/>
                    <ClassDefinition value="fl.controls.listClasses.ImageCell"/>
                    <ClassDefinition value="fl.managers.IFocusManager"/>
                    <ClassDefinition value="fl.controls.ProgressBarMode"/>
                    <ClassDefinition value="fl.accessibility.SelectableListAccImpl"/>
                    <ClassDefinition value="fl.controls.TextInput"/>
                    <ClassDefinition value="fl.events.ListEvent"/>
                    <ClassDefinition value="fl.accessibility.AccImpl"/>
                    <ClassDefinition value="fl.accessibility.DataGridAccImpl"/>
                    <ClassDefinition value="fl.events.ScrollEvent"/>
                    <ClassDefinition value="fl.controls.dataGridClasses.DataGridColumn"/>
                    <ClassDefinition value="fl.events.DataGridEvent"/>
                    <ClassDefinition value="fl.data.TileListCollectionItem"/>
                    <ClassDefinition value="fl.data.DataProvider"/>
                    <ClassDefinition value="fl.accessibility.ListAccImpl"/>
                    <ClassDefinition value="fl.controls.dataGridClasses.HeaderRenderer"/>
                    <ClassDefinition value="fl.controls.ScrollBarDirection"/>
                    <ClassDefinition value="fl.controls.SliderDirection"/>
               </classDefinitions>
          </Swc>
     </swcCache>
</DOMDocument>