<DOMSymbolItem xmlns:xsi="http://www.w3.org/2001/XMLSchema-instance" xmlns="http://ns.adobe.com/xfl/2008/" name="Component Assets/ScrollBarSkins/ScrollArrowDown_upSkin" itemID="4399c519-0000900f" linkageExportForAS="true" linkageExportInFirstFrame="false" linkageIdentifier="ScrollArrowDown_upSkin" linkageClassName="ScrollArrowDown_upSkin" lastModified="1168290217" lastUniqueIdentifier="1">
  <timeline>
    <DOMTimeline name="ScrollArrowDown_upSkin">
      <layers>
        <DOMLayer name="icon" color="#9933CC" autoNamed="false">
          <frames>
            <DOMFrame index="0" keyMode="9728">
              <elements>
                <DOMSymbolInstance libraryItemName="Component Assets/ScrollBarSkins/ScrollArrowDown_icon" symbolType="graphic" loop="single frame">
                  <matrix>
                    <Matrix tx="4" ty="5"/>
                  </matrix>
                  <transformationPoint>
                    <Point/>
                  </transformationPoint>
                </DOMSymbolInstance>
              </elements>
            </DOMFrame>
          </frames>
        </DOMLayer>
        <DOMLayer name="fill" color="#4FFF4F" current="true" isSelected="true" autoNamed="false">
          <frames>
            <DOMFrame index="0" keyMode="9728">
              <elements>
                <DOMGroup>
                  <members>
                    <DOMShape>
                      <fills>
                        <FillStyle index="1">
                          <LinearGradient>
                            <matrix>
                              <Matrix a="0" b="-0.0083160400390625" c="0.0083160400390625" d="0" tx="6" ty="7.15"/>
                            </matrix>
                            <GradientEntry color="#E6E6E6" ratio="0"/>
                            <GradientEntry color="#FFFFFF" ratio="1"/>
                          </LinearGradient>
                        </FillStyle>
                      </fills>
                      <edges>
                        <Edge fillStyle1="1" edges="!20 20|280 20!280 20|280 260!280 260|20 260!20 260|20 20"/>
                        <Edge cubics="!280 260(;280,260 20,260 20,260q280 260 20 260)20,260;"/>
                        <Edge cubics="!280 20(;280,20 280,260 280,260q280 20 280 260)280,260;"/>
                        <Edge cubics="!20 20(20,20;20,20 280,20 280,20q20 20 280 20)280,20;"/>
                        <Edge cubics="!20 260(;20,260 20,20 20,20q20 260 20 20);"/>
                      </edges>
                    </DOMShape>
                  </members>
                </DOMGroup>
                <DOMGroup>
                  <members>
                    <DOMShape>
                      <fills>
                        <FillStyle index="1">
                          <LinearGradient>
                            <matrix>
                              <Matrix a="0" b="-0.00787353515625" c="0.00787353515625" d="0" tx="8.5" ty="6.45"/>
                            </matrix>
                            <GradientEntry color="#5B5D5E" ratio="0"/>
                            <GradientEntry color="#B7BABC" ratio="1"/>
                          </LinearGradient>
                        </FillStyle>
                      </fills>
                      <edges>
                        <Edge fillStyle0="1" edges="!0 280|300 280!300 280|300 0!300 0|0 0!0 0|0 280!20 20|280 20!280 20|280 260!280 260|20 260!20 260|20 20"/>
                        <Edge cubics="!300 0(300,0;300,0 0,0 0,0q300 0 0 0)0,0;"/>
                        <Edge cubics="!20 260(20,260;20,260 20,20 20,20q20 260 20 20)20,20;"/>
                        <Edge cubics="!280 260(280,260;280,260 20,260 20,260q280 260 20 260);"/>
                        <Edge cubics="!280 20(;280,20 280,260 280,260q280 20 280 260);"/>
                        <Edge cubics="!20 20(;20,20 280,20 280,20q20 20 280 20);"/>
                        <Edge cubics="!0 280(;0,280 300,280 300,280q0 280 300 280);"/>
                        <Edge cubics="!300 280(;300,280 300,0 300,0q300 280 300 0);"/>
                        <Edge cubics="!0 0(;0,0 0,280 0,280q0 0 0 280);"/>
                      </edges>
                    </DOMShape>
                  </members>
                </DOMGroup>
                <DOMGroup>
                  <members>
                    <DOMShape>
                      <fills>
                        <FillStyle index="1">
                          <LinearGradient>
                            <matrix>
                              <Matrix a="0" b="-0.00408935546875" c="0.009002685546875" d="0" tx="6.45" ty="4.35"/>
                            </matrix>
                            <GradientEntry color="#EEEEEE" alpha="0" ratio="0"/>
                            <GradientEntry color="#FFFFFF" alpha="0.298039215686275" ratio="1"/>
                          </LinearGradient>
                        </FillStyle>
                      </fills>
                      <edges>
                        <Edge fillStyle1="1" edges="!280 150|20 150!20 150|20 20!20 20|280 20!280 20|280 150"/>
                      </edges>
                    </DOMShape>
                  </members>
                </DOMGroup>
              </elements>
            </DOMFrame>
          </frames>
        </DOMLayer>
      </layers>
    </DOMTimeline>
  </timeline>
</DOMSymbolItem>