<DOMSymbolItem xmlns:xsi="http://www.w3.org/2001/XMLSchema-instance" xmlns="http://ns.adobe.com/xfl/2008/" name="Component Assets/ScrollBarSkins/ScrollThumb_overSkin" itemID="4399c5b6-00009358" linkageExportForAS="true" linkageExportInFirstFrame="false" linkageIdentifier="ScrollThumb_overSkin" linkageClassName="ScrollThumb_overSkin" scaleGridLeft="-1.05" scaleGridRight="8" scaleGridTop="5" scaleGridBottom="48" lastModified="1168290288">
  <timeline>
    <DOMTimeline name="ScrollThumb_overSkin">
      <layers>
        <DOMLayer name="skin" color="#4FFF4F" current="true" isSelected="true" autoNamed="false">
          <frames>
            <DOMFrame index="0" keyMode="9728">
              <elements>
                <DOMGroup>
                  <members>
                    <DOMShape>
                      <fills>
                        <FillStyle index="1">
                          <LinearGradient>
                            <matrix>
                              <Matrix a="0" b="-0.013427734375" c="0.013427734375" d="0" tx="32.85" ty="31"/>
                            </matrix>
                            <GradientEntry color="#E6E6E6" ratio="0"/>
                            <GradientEntry color="#FFFFFF" ratio="1"/>
                          </LinearGradient>
                        </FillStyle>
                      </fills>
                      <edges>
                        <Edge fillStyle1="1" edges="!240 80|240 959!240 959[240 1018 183 1020!183 1020|20 1020!20 1020|20 20!20 20|183 20!183 20[240 21 240 80"/>
                        <Edge cubics="!240 80(240,80;240,80 240,959 240,959q240 80 240 959);"/>
                        <Edge cubics="!20 20(20,20;20,20 183,20 183,20q20 20 183 20);"/>
                        <Edge cubics="!183 20(183,20;221,21 240,41 240,80q183 20Q240 21q240 80);"/>
                        <Edge cubics="!183 1020(183,1020;183,1020 20,1020 20,1020q183 1020 20 1020);"/>
                        <Edge cubics="!20 1020(20,1020;20,1020 20,20 20,20q20 1020 20 20);"/>
                        <Edge cubics="!240 959(240,959;240,998 221,1019 183,1020q240 959Q240 1018q183 1020);"/>
                      </edges>
                    </DOMShape>
                  </members>
                </DOMGroup>
                <DOMGroup>
                  <members>
                    <DOMShape>
                      <fills>
                        <FillStyle index="1">
                          <LinearGradient>
                            <matrix>
                              <Matrix a="0" b="-0.013427734375" c="0.013427734375" d="0" tx="2" ty="41.25"/>
                            </matrix>
                            <GradientEntry color="#0075BF" ratio="0"/>
                            <GradientEntry color="#009DFF" ratio="0.992156862745098"/>
                          </LinearGradient>
                        </FillStyle>
                        <FillStyle index="2">
                          <LinearGradient>
                            <matrix>
                              <Matrix a="0" b="-0.013427734375" c="0.013427734375" d="0" tx="2" ty="41"/>
                            </matrix>
                            <GradientEntry color="#0075BF" ratio="0"/>
                            <GradientEntry color="#009DFF" ratio="0.992156862745098"/>
                          </LinearGradient>
                        </FillStyle>
                      </fills>
                      <edges>
                        <Edge fillStyle0="1" edges="!260 927|260 80!260 80[260 0 180 0!180 0|20 0!20 0|20 20!20 20|183 20!183 20[240 22 240 80!240 80|240 927"/>
                        <Edge fillStyle0="1" fillStyle1="2" edges="!240 927|260 927"/>
                        <Edge fillStyle0="2" edges="!240 927|240 960!240 960[240 1019 183 1020!183 1020|20 1020!20 1020|20 1040!20 1040|180 1040!180 1040[260 1040 260 960!260 960|260 927"/>
                        <Edge cubics="!183 20(183,20;221,21 240,41 240,80q183 20Q240 22q240 80);"/>
                        <Edge cubics="!260 80(260,80;260,27 233,0 180,0q260 80Q260 0q180 0);"/>
                        <Edge cubics="!180 0(180,0;180,0 20,0 20,0q180 0 20 0);"/>
                        <Edge cubics="!20 0(20,0;20,0 20,20 20,20q20 0 20 20);"/>
                        <Edge cubics="!20 20(20,20;20,20 183,20 183,20q20 20 183 20);"/>
                        <Edge cubics="!240 927(240,927;240,927 240,960 240,960q240 927 240 960);"/>
                        <Edge cubics="!260 960(260,960;260,960 260,927 260,927q260 960 260 927);"/>
                        <Edge cubics="!260 927(260,927;260,927 240,927 240,927q260 927 240 927);"/>
                        <Edge cubics="!240 80(240,80;240,80 240,927 240,927q240 80 240 927);"/>
                        <Edge cubics="!260 927(260,927;260,927 260,80 260,80q260 927 260 80);"/>
                        <Edge cubics="!183 1020(183,1020;183,1020 20,1020 20,1020q183 1020 20 1020);"/>
                        <Edge cubics="!20 1020(20,1020;20,1020 20,1040 20,1040q20 1020 20 1040);"/>
                        <Edge cubics="!20 1040(20,1040;20,1040 180,1040 180,1040q20 1040 180 1040);"/>
                        <Edge cubics="!240 960(240,960;240,999 221,1019 183,1020q240 960Q240 1019q183 1020);"/>
                        <Edge cubics="!180 1040(180,1040;233,1040 260,1013 260,960q180 1040Q260 1040q260 960);"/>
                      </edges>
                    </DOMShape>
                  </members>
                </DOMGroup>
                <DOMGroup>
                  <members>
                    <DOMShape>
                      <fills>
                        <FillStyle index="1">
                          <SolidColor color="#FF0000" alpha="0"/>
                        </FillStyle>
                      </fills>
                      <edges>
                        <Edge fillStyle1="1" edges="!320 0|320 1040!320 1040|260 1040!260 1040|260 0!260 0|320 0"/>
                      </edges>
                    </DOMShape>
                  </members>
                </DOMGroup>
              </elements>
            </DOMFrame>
          </frames>
        </DOMLayer>
      </layers>
    </DOMTimeline>
  </timeline>
</DOMSymbolItem>