<DOMSymbolItem xmlns:xsi="http://www.w3.org/2001/XMLSchema-instance" xmlns="http://ns.adobe.com/xfl/2008/" name="Component Assets/ScrollBarSkins/ScrollBar_thumbIcon" itemID="442a68fb-00006a9d" linkageExportForAS="true" linkageExportInFirstFrame="false" linkageClassName="ScrollBar_thumbIcon" lastModified="1164927281">
  <timeline>
    <DOMTimeline name="ScrollBar_thumbIcon">
      <layers>
        <DOMLayer name="Layer 1" color="#4FFF4F" current="true" isSelected="true">
          <frames>
            <DOMFrame index="0" keyMode="9728">
              <elements>
                <DOMShape selected="true" isFloating="true">
                  <matrix>
                    <Matrix tx="3"/>
                  </matrix>
                  <fills>
                    <FillStyle index="1">
                      <SolidColor color="#5A6165"/>
                    </FillStyle>
                  </fills>
                  <edges>
                    <Edge fillStyle1="1" edges="!40 140S2|-60 140!-60 140|-60 120!-60 120|40 120!40 120|40 140"/>
                  </edges>
                </DOMShape>
                <DOMShape selected="true" isFloating="true">
                  <matrix>
                    <Matrix tx="3"/>
                  </matrix>
                  <fills>
                    <FillStyle index="1">
                      <SolidColor color="#5A6165"/>
                    </FillStyle>
                  </fills>
                  <edges>
                    <Edge fillStyle1="1" edges="!40 100S2|-60 100!-60 100|-60 80!-60 80|40 80!40 80|40 100"/>
                  </edges>
                </DOMShape>
                <DOMShape selected="true" isFloating="true">
                  <matrix>
                    <Matrix tx="3"/>
                  </matrix>
                  <fills>
                    <FillStyle index="1">
                      <SolidColor color="#5A6165"/>
                    </FillStyle>
                  </fills>
                  <edges>
                    <Edge fillStyle1="1" edges="!40 20S2|-60 20!-60 20|-60 0!-60 0|40 0!40 0|40 20"/>
                  </edges>
                </DOMShape>
                <DOMShape selected="true" isFloating="true">
                  <matrix>
                    <Matrix tx="3"/>
                  </matrix>
                  <fills>
                    <FillStyle index="1">
                      <SolidColor color="#5A6165"/>
                    </FillStyle>
                  </fills>
                  <edges>
                    <Edge fillStyle1="1" edges="!40 60S2|-60 60!-60 60|-60 40!-60 40|40 40!40 40|40 60"/>
                  </edges>
                </DOMShape>
              </elements>
            </DOMFrame>
          </frames>
        </DOMLayer>
      </layers>
    </DOMTimeline>
  </timeline>
</DOMSymbolItem>